Metabolite,C1,C2,C3,C4,S1,S2,S3,S4
C2,0.126,0.069,0.07,0.065,0.258,0.307,0.345,0.338
C3,0.063,0.058,0.036,0.048,0.066,0.052,0.064,0.054
C3:1,0.033,0.027,0.021,0.021,0.024,0.04,0.032,0.031
C4:1,0.068,0,0.037,0.052,0.048,0.052,0.057,0.063
C5:1-DC,0.047,0.053,0.055,0,0.039,0.034,0,0
C16,2.08,1.74,1.62,1.79,0.96,1.14,1.09,1.17
C16:1,0.03,0.023,0.026,0.034,0.027,0.032,0.022,0.031
C16:1-OH,0.09,0.079,0.071,0.077,0.053,0.048,0.043,0.07
C18,1.7,1.27,1.3,1.47,0.965,1.09,1.13,1.36
C18:1,0.924,0.805,0.79,0.845,0.611,0.721,0.7,0.763
C18:2,0.473,0.383,0.381,0.421,0.295,0.325,0.346,0.364
Ala,0.413,0.47,0.948,3.6,5.71,15.8,5.87,44.2
Arg,0,0,0,3.97,8.21,12.7,10.5,37.5
Asn,0.156,0.226,0.312,1.22,3.3,3.69,3.81,12.8
Asp,0.642,6.53,2.78,7.43,82.1,80,74.3,118
Cit,0.386,0.947,0,1.15,0,0.597,0,20.7
Glu,1.71,0.738,0.701,3.65,36.7,39.4,34,59.8
Gly,0,0,15.5,10.1,3.01,11.3,6.23,68.8
His,0,0,0,3.07,2.69,4.78,3.53,32.4
Leu,17.7,13.9,17.4,6.72,10,10.3,18.3,28.4
Lys,0,0,0,0,16.8,31.6,21.7,35.4
Met,1.92,1.88,1.91,1.86,2.45,3.13,2.72,4.53
Orn,0,0,0,0,13.2,20.8,16,22
Phe,0.541,0.474,0.624,0.907,2.8,3.88,3.48,10.5
Ser,1.24,0.662,1.65,11.6,4.52,8.33,5.32,117
Thr,0,0,0.217,1.86,2.89,5.03,2.99,28.7
Tyr,0,0,0.06,0.622,1.03,2.27,1.34,10.8
Val,0,0,0,0.424,3.91,9.62,5.45,22
c4-OH-Pro,0,0.017,0.003,0.006,0.007,0.049,0.007,0.006
Creatinine,12.1,11.6,11.8,12.1,12.7,15.5,12.8,13.1
Putrescine,0.799,0.629,0.694,0.72,9.8,9.41,9.92,10.5
Spermidine,2.92,2.51,2.8,2.86,30.9,32.6,33.2,31.2
Spermine,0.359,0.288,0.299,0.305,1.6,1.79,1.85,1.68
lysoPC a C16:0,4.27,3.5,3.13,3.44,5.5,5.94,6.29,6.63
lysoPC a C17:0,0.176,0.136,0.149,0.145,0.237,0.22,0.202,0.192
lysoPC a C18:0,6.7,4.65,4.89,5.34,6.91,7.42,8.06,9.16
lysoPC a C18:1,0.774,0.578,0.521,0.599,1.54,1.54,1.56,1.96
lysoPC a C18:2,0.571,0.425,0.394,0.472,1.48,1.81,1.73,1.94
lysoPC a C20:4,0.333,0.209,0.21,0.273,0.478,0.614,0.636,0.671
lysoPC a C24:0,0.072,0.05,0.044,0.048,0.045,0.06,0.053,0.104
lysoPC a C26:0,0.349,0.187,0.111,0.159,0.199,0.289,0.228,0.518
lysoPC a C26:1,0.182,0.076,0.116,0.116,0.155,0.142,0.131,0.187
lysoPC a C28:0,0.184,0.055,0.08,0.054,0.096,0.107,0.146,0.212
lysoPC a C28:1,0.331,0.162,0.153,0.133,0.129,0.184,0.191,0.303
PC aa C24:0,0.153,0.091,0.068,0.064,0.073,0.146,0.109,0.214
PC aa C26:0,1.72,1.06,0.77,0.822,1.11,1.59,1.46,2.88
PC aa C28:1,1.02,0.529,0.636,0.749,0.655,0.802,0.785,1.25
PC aa C30:0,0.433,0.199,0.21,0.331,0.529,0.572,0.604,1.15
PC aa C32:0,2.02,0.91,1.1,1.74,6.16,6.1,6.72,15.1
PC aa C32:1,0.791,0.314,0.391,0.576,0.915,0.989,0.959,2.04
PC aa C32:2,0.38,0.183,0.209,0.281,0.532,0.587,0.553,1.02
PC aa C32:3,0.065,0.039,0.053,0.046,0.061,0.076,0.046,0.086
PC aa C34:1,11.6,4.27,5.29,9.16,19.1,18.1,19.5,44.7
PC aa C34:2,27.9,11.1,13.4,22.5,34.2,34.5,35.7,76.9
PC aa C34:3,0.515,0.223,0.263,0.413,0.536,0.557,0.589,1.07
PC aa C34:4,0.09,0.049,0.058,0.104,0.137,0.181,0.155,0.313
PC aa C36:1,0.68,0.225,0.402,0.499,1.71,1.52,2.03,4.29
PC aa C36:2,4.51,1.7,1.88,3.51,5.29,4.9,5.57,13.4
PC aa C36:3,3.56,1.41,1.69,2.77,4.16,4.42,4.42,9.85
PC aa C36:4,9.06,3.45,4.28,7.43,11.2,11.3,11.7,25.7
PC aa C36:5,0.399,0.157,0.209,0.311,0.548,0.54,0.523,1.15
PC aa C36:6,0.026,0.01,0.017,0.024,0.03,0,0.034,0.052
PC aa C38:0,0.052,0.048,0.045,0.062,0.057,0.056,0.068,0.126
PC aa C38:3,0.412,0.139,0.215,0.421,0.522,0.613,0.646,1.5
PC aa C38:4,1.78,0.604,0.72,1.34,1.99,1.93,2.18,5.41
PC aa C38:5,1.07,0.431,0.521,0.864,1.79,1.73,1.72,3.7
PC aa C38:6,1.74,0.678,0.83,1.44,2.6,2.67,2.47,5.48
PC aa C40:3,0,0.009,0.01,0.011,0.045,0.033,0,0.068
PC aa C40:4,0.024,0.03,0.029,0.048,0.091,0.067,0.094,0.216
PC aa C40:5,0.089,0.015,0.029,0.034,0.099,0.128,0.108,0.292
PC aa C40:6,0.267,0.176,0.19,0.246,0.377,0.38,0.393,0.836
PC aa C42:4,0.009,0,0.008,0.005,0.017,0,0.026,0.014
PC ae C30:1,0.14,0.083,0.159,0.152,0.193,0.18,0.104,0.245
PC ae C30:2,0.063,0.032,0.02,0.032,0.03,0.038,0.05,0.076
PC ae C32:1,0.101,0.05,0.057,0.124,0.063,0.094,0.143,0.177
PC ae C32:2,0.131,0.061,0.075,0.082,0.096,0.119,0.123,0.195
PC ae C34:0,0.108,0.045,0.066,0.063,0.176,0.162,0.201,0.445
PC ae C34:1,0.518,0.193,0.223,0.386,0.552,0.586,0.602,1.35
PC ae C34:2,0.629,0.268,0.287,0.519,0.628,0.554,0.63,1.35
PC ae C34:3,0.186,0.063,0.115,0.186,0.223,0.19,0.21,0.35
PC ae C36:0,0.1,0.058,0.081,0.069,0.121,0.15,0.156,0.254
PC ae C36:1,0.814,0.346,0.443,0.653,0.979,0.903,1.02,2.31
PC ae C36:2,0.488,0.192,0.203,0.449,0.507,0.497,0.521,1.15
PC ae C36:3,0.209,0.102,0.063,0.17,0.141,0.139,0.15,0.362
PC ae C36:4,0.704,0.298,0.297,0.533,0.567,0.563,0.528,1.25
PC ae C36:5,0.214,0.072,0.098,0.214,0.218,0.21,0.2,0.514
PC ae C38:0,0.07,0.038,0.046,0.068,0.116,0.101,0.102,0.205
PC ae C38:1,0.052,0.025,0.031,0.129,0.171,0.165,0.158,0.192
PC ae C38:2,0.093,0,0.054,0.065,0.117,0.138,0.099,0.256
PC ae C38:3,0.213,0.118,0.126,0.187,0.399,0.34,0.358,0.587
PC ae C38:4,0.242,0.08,0.104,0.176,0.26,0.233,0.203,0.572
PC ae C38:5,0.273,0.118,0.133,0.219,0.209,0.266,0.283,0.656
PC ae C38:6,0.099,0.048,0.037,0.085,0.112,0.082,0.104,0.209
PC ae C40:1,0.203,0.088,0.17,0.206,0.419,0.385,0.358,0.699
PC ae C40:2,0.037,0.027,0.032,0.041,0.07,0.113,0.056,0.138
PC ae C40:3,0.058,0.019,0.054,0.044,0.07,0.063,0.1,0.131
PC ae C40:4,0.054,0.036,0.048,0.053,0.121,0.085,0.095,0.158
PC ae C40:5,0.079,0.037,0.027,0.048,0.106,0.116,0.071,0.149
PC ae C40:6,0.06,0.015,0.037,0.037,0.046,0.058,0.061,0.112
PC ae C42:1,0.067,0.058,0.047,0.082,0.083,0.09,0.059,0.093
PC ae C42:2,0.038,0.012,0.036,0.031,0.065,0.074,0.059,0.09
PC ae C42:3,0.066,0.023,0.051,0.05,0.117,0.132,0.088,0.177
SM (OH) C14:1,1.87,0.885,1.01,1.42,1.34,1.43,1.58,2.55
SM (OH) C16:1,0.407,0.249,0.26,0.366,0.48,0.488,0.409,0.933
SM (OH) C22:1,0.019,0.032,0.061,0.026,0.073,0.087,0.13,0.272
SM (OH) C22:2,0.072,0,0.02,0.008,0.042,0.065,0.118,0.202
SM (OH) C24:1,0,0.01,0.008,0.016,0.041,0.031,0.04,0.062
SM C16:0,23.4,10.6,12.4,19.7,23.2,23,23.9,47.9
SM C16:1,5.91,2.86,3.39,5.01,3.85,3.62,3.95,6.3
SM C18:0,0.91,0.349,0.501,0.705,1.14,1.02,1.3,2.57
SM C18:1,1.99,0.901,0.984,1.66,1.59,1.63,1.59,3.43
SM C20:2,0.062,0.02,0.036,0.031,0.043,0.027,0.015,0.063
SM C24:0,0.101,0.07,0.329,0.161,0.659,0.651,1.34,2.27
SM C24:1,0.561,0.19,0.47,0.539,1.29,1.26,2.01,4.09
SM C26:0,0.016,0.001,0,0.004,0.023,0.027,0.062,0.077
SM C26:1,0.022,0,0.016,0.022,0.015,0.035,0.086,0.116