"","Metabolite","estimate","statistic","p.value","parameter","conf.low","conf.high","method","alternative","p.adjusted","fold_change"
"1","Ala",-1.56874892470501,-7.53573097740193,0.00484424154440398,3,-2.23125389393979,-0.906243955470229,"Paired t-test","two.sided",0.0295753694289927,13.1798932056711
"2","Arg",-1.66376775260486,-10.3128763525281,0.00194456722602334,3,-2.17718916445274,-1.15034634075699,"Paired t-test","two.sided",0.0203844724184986,6.94307304785894
"3","Asn",-1.67055995623931,-17.1764715714226,0.000429927092270073,3,-1.98008029855071,-1.36103961392791,"Paired t-test","two.sided",0.0124678856758321,12.3301985370951
"4","Asp",-1.72573098490011,-6.37976367102064,0.00779683478665058,3,-2.58658516069912,-0.864876809101095,"Paired t-test","two.sided",0.0379742073541439,20.3889080658152
"5","C16",1.77517369740302,5.6138744232711,0.0111730432419458,3,0.768846418132446,2.78150097667359,"Paired t-test","two.sided",0.0446921729677832,0.603042876901798
"6","C16.1",0.0547784136122733,0.0756744273125096,0.944442006075053,3,-2.2488975599073,2.35845438713185,"Paired t-test","two.sided",0.944442006075053,0.991150442477876
"7","C16.1.OH",1.5355956437489,3.91092981217349,0.0297039299560122,3,0.286033284525038,2.78515800297276,"Paired t-test","two.sided",0.0749874010154374,0.675078864353312
"8","C18",1.30934133048168,2.0938820802851,0.127304921060076,3,-0.680698375564856,3.29938103652822,"Paired t-test","two.sided",0.173733774623163,0.791811846689895
"9","C18.1",1.48200922667729,2.4654049440409,0.0904323745053829,3,-0.43102935922946,3.39504781258404,"Paired t-test","two.sided",0.131126943032805,0.830856123662307
"10","C18.2",1.49017037597333,2.57077725929576,0.0824374134740303,3,-0.354558563537627,3.33489931548428,"Paired t-test","two.sided",0.121047341303639,0.802171290711701
"11","C2",-1.79036929681623,-6.25509573298163,0.0082449105962178,3,-2.7012672905437,-0.879471303088766,"Paired t-test","two.sided",0.0379742073541439,3.78181818181818
"12","C3",-0.791559029480946,-1.07155324519466,0.362460451455381,3,-3.14243997737819,1.5593219184163,"Paired t-test","two.sided",0.400432498750707,1.15121951219512
"13","C3.1",-0.95875997033694,-1.22910399180783,0.306647201409852,3,-3.44122048270159,1.52370054202771,"Paired t-test","two.sided",0.359303791550937,1.24509803921569
"14","C4.1",-0.788583042456811,-1.14271157420655,0.336092528007765,3,-2.9847830692384,1.40761698432478,"Paired t-test","two.sided",0.378511973290298,1.25356125356125
"15","c4.OH.Pro",-0.820962181348023,-2.67789768705026,0.075183216037967,3,-1.79660366064836,0.154679297952314,"Paired t-test","two.sided",0.111810936671848,2.50909090909091
"16","C5.1.DC",0.858477221150558,1.75142245891048,0.178169584223427,3,-0.701430639298124,2.41838508159924,"Paired t-test","two.sided",0.229640797443529,0.622093023255814
"17","Cit",-0.277294210791658,-0.521977065427231,0.637776173341807,3,-1.96793158752809,1.41334316594477,"Paired t-test","two.sided",0.666504829798646,8.10276532137519
"18","Creatinine",-1.35937099936786,-2.24585827100133,0.110360608068575,3,-3.2856391304905,0.566897131754783,"Paired t-test","two.sided",0.155948301651611,1.13655462184874
"19","Glu",-1.79501353627467,-11.6656189636728,0.00135324488770297,3,-2.28470330020752,-1.30532377234182,"Paired t-test","two.sided",0.0203844724184986,24.9889689660244
"20","Gly",-0.719626996816444,-1.35956764477216,0.267131995631074,3,-2.40411418361228,0.964860189979392,"Paired t-test","two.sided",0.326182226244259,3.12268437609228
"21","His",-1.24983917050562,-3.62123208191469,0.0362159837226586,3,-2.34823495415044,-0.151443386860794,"Paired t-test","two.sided",0.0788741720622042,6.10837438423645
"22","Leu",-0.344668017250452,-0.347201120921205,0.751369726338181,3,-3.50389588822583,2.81455985372493,"Paired t-test","two.sided",0.778204359421687,1.2024407753051
"23","Lys",-1.74783982315261,-6.41756015665322,0.0076673325402766,3,-2.61458766059253,-0.881091985712694,"Paired t-test","two.sided",0.0379742073541439,3.13988095238095
"24","lysoPC.a.C16.0",-1.76513968705471,-5.32484504817217,0.0129414966124714,3,-2.82009287809737,-0.710186496012058,"Paired t-test","two.sided",0.0485222811811957,1.69874476987448
"25","lysoPC.a.C17.0",-1.66170653129995,-7.26104492280009,0.00538996997216639,3,-2.39001655654105,-0.933396506058843,"Paired t-test","two.sided",0.031261825838565,1.4042904290429
"26","lysoPC.a.C18.0",-1.57331515072909,-3.23652080006579,0.047977502591479,3,-3.1203439813125,-0.0262863201456744,"Paired t-test","two.sided",0.0858775320851622,1.46200185356812
"27","lysoPC.a.C18.1",-1.8127509915875,-9.11401971291764,0.00279146361016552,3,-2.44572994898436,-1.17977203419064,"Paired t-test","two.sided",0.024908444521477,2.66990291262136
"28","lysoPC.a.C18.2",-1.84031637608694,-10.6343892796346,0.00177696212394392,3,-2.39104927645639,-1.28958347571748,"Paired t-test","two.sided",0.0203844724184986,3.73791621911923
"29","lysoPC.a.C20.4",-1.74588571881808,-4.98159205813743,0.0155488040395543,3,-2.86122946645076,-0.630541971185403,"Paired t-test","two.sided",0.0520020426830085,2.34048780487805
"30","lysoPC.a.C24.0",-0.576545347608254,-0.661185511287746,0.555737304291011,3,-3.35159800680951,2.198507311593,"Paired t-test","two.sided",0.586050248161429,1.22429906542056
"31","lysoPC.a.C26.0",-0.923228656184489,-1.2032771332079,0.315164244951268,3,-3.36499834059078,1.5185410282218,"Paired t-test","two.sided",0.364679915513591,1.53101736972705
"32","lysoPC.a.C26.1",-0.913639420110365,-1.50119261037253,0.230297792798049,3,-2.85050506733084,1.0232262271101,"Paired t-test","two.sided",0.287253160909395,1.25510204081633
"33","lysoPC.a.C28.0",-0.962462144106555,-1.18172387957829,0.322456521750664,3,-3.55442473995459,1.62950045174148,"Paired t-test","two.sided",0.366715260030167,1.50402144772118
"34","lysoPC.a.C28.1",-0.162856994727378,-0.156760313011692,0.885389358508317,3,-3.4690741819889,3.14336019253414,"Paired t-test","two.sided",0.893088396408389,1.03594351732991
"35","Met",-1.56166678051156,-3.53486853149325,0.0385047733377363,3,-2.967637223668,-0.15569633735512,"Paired t-test","two.sided",0.0788741720622042,1.69484808454425
"36","Orn",-1.79374884897716,-8.26713230521331,0.00370672679120838,3,-2.48425544622061,-1.1032422517337,"Paired t-test","two.sided",0.0286653538520115,2.72727272727273
"37","PC.aa.C24.0",-0.805084931350485,-0.874930831356619,0.446012364301503,3,-3.73347592340551,2.12330606070454,"Paired t-test","two.sided",0.488089002443154,1.44148936170213
"38","PC.aa.C26.0",-1.07314982902818,-1.32861339766528,0.275996574866047,3,-3.64368066546867,1.49738100741231,"Paired t-test","two.sided",0.330057759633623,1.61024702653248
"39","PC.aa.C28.1",-0.638483872028374,-0.808974093471045,0.477735573680595,3,-3.1502338228847,1.87326607882795,"Paired t-test","two.sided",0.517918939691112,1.19018404907975
"40","PC.aa.C30.0",-1.52461276054065,-3.80064631823725,0.031990534312141,3,-2.8012372713479,-0.247988249733405,"Paired t-test","two.sided",0.0749874010154374,2.43393009377664
"41","PC.aa.C32.0",-1.73441503764865,-7.82056529869292,0.00435277649647789,3,-2.44020579798102,-1.02862427731627,"Paired t-test","two.sided",0.0289895170269412,5.90641247833622
"42","PC.aa.C32.1",-1.46508997608775,-3.43665665886205,0.0413366568133125,3,-2.8218068797928,-0.1083730723827,"Paired t-test","two.sided",0.0826733136266251,2.36631274131274
"43","PC.aa.C32.2",-1.61774355246275,-4.44384677316134,0.021192877363244,3,-2.77628529663929,-0.459201808286211,"Paired t-test","two.sided",0.0646094270671293,2.55650522317189
"44","PC.aa.C32.3",-1.00254820836301,-1.25326330463463,0.298894165325045,3,-3.54834670878572,1.54325029205971,"Paired t-test","two.sided",0.353793093650054,1.32512315270936
"45","PC.aa.C34.1",-1.57311231276696,-4.96514459967525,0.0156902714991836,3,-2.58141033250418,-0.564814293029736,"Paired t-test","two.sided",0.0520020426830085,3.344327176781
"46","PC.aa.C34.2",-1.45363116424395,-3.79893063694168,0.0320278606832953,3,-2.67136940955649,-0.23589291893141,"Paired t-test","two.sided",0.0749874010154374,2.42056074766355
"47","PC.aa.C34.3",-1.37992657513376,-3.15463116571534,0.0510823251196224,3,-2.77202029383049,0.0121671435629611,"Paired t-test","two.sided",0.0858775320851622,1.94625176803395
"48","PC.aa.C34.4",-1.56528580632626,-5.02206071757939,0.0152077315356426,3,-2.55719695818049,-0.573374654472033,"Paired t-test","two.sided",0.0520020426830085,2.61129568106312
"49","PC.aa.C36.1",-1.68035518279626,-6.20299925937324,0.00844217457096176,3,-2.54246074164726,-0.818249623945264,"Paired t-test","two.sided",0.0379742073541439,5.28792912513843
"50","PC.aa.C36.2",-1.39057983292258,-3.52618158974412,0.0387450892222189,3,-2.64560472000097,-0.135554945844194,"Paired t-test","two.sided",0.0788741720622042,2.51379310344828
"51","PC.aa.C36.3",-1.44264311573782,-3.52574792193362,0.0387571362719452,3,-2.74481625890594,-0.140469972569689,"Paired t-test","two.sided",0.0788741720622042,2.42311770943796
"52","PC.aa.C36.4",-1.44706701917999,-3.82182617925838,0.031534307762062,3,-2.65204413553354,-0.24208990282644,"Paired t-test","two.sided",0.0749874010154374,2.47316267547481
"53","PC.aa.C36.5",-1.51104002387735,-4.18662236417305,0.0248409694917733,3,-2.65965179795938,-0.362428249795329,"Paired t-test","two.sided",0.070281767342578,2.56598513011152
"54","PC.aa.C36.6",-0.30734420514566,-0.678130293397816,0.546310144094098,3,-1.74970187540294,1.13501346511162,"Paired t-test","two.sided",0.581394281788215,1.57142857142857
"55","PC.aa.C38.0",-1.06216700426517,-2.42988988434194,0.0933392145548212,3,-2.45329566408649,0.32896165555614,"Paired t-test","two.sided",0.133670973930361,1.48309178743961
"56","PC.aa.C38.3",-1.4192838440658,-3.73891027952972,0.0333695538006048,3,-2.62733493061506,-0.211232757516544,"Paired t-test","two.sided",0.0758993772719638,2.76411120471778
"57","PC.aa.C38.4",-1.37698616303982,-3.318834866542,0.0450933131410243,3,-2.69738464720991,-0.0565876788697393,"Paired t-test","two.sided",0.0843681342638519,2.59000900090009
"58","PC.aa.C38.5",-1.59692958222866,-5.29093596026121,0.0131723536766122,3,-2.55746712925861,-0.63639203519871,"Paired t-test","two.sided",0.0485222811811957,3.0977130977131
"59","PC.aa.C38.6",-1.54558913889829,-4.66809402552448,0.0185602410962945,3,-2.59928566207851,-0.491892615718074,"Paired t-test","two.sided",0.0598052213102821,2.81996587030717
"60","PC.aa.C40.3",-1.11504619939154,-1.6928195634779,0.189065675945034,3,-3.21129717263981,0.981204773856726,"Paired t-test","two.sided",0.241006795710153,4.36231884057971
"61","PC.aa.C40.4",-1.61007068670795,-8.05981773146667,0.00398966209169796,3,-2.24581254575206,-0.974328827663838,"Paired t-test","two.sided",0.0289250501648102,3.57251908396947
"62","PC.aa.C40.5",-1.48976139598737,-2.96149154686581,0.0594727026472802,3,-3.09067282031065,0.111150028335912,"Paired t-test","two.sided",0.0957142167613456,3.75449101796407
"63","PC.aa.C40.6",-1.53174637000295,-4.26146863711516,0.0237008758729252,3,-2.67564791919929,-0.387844820806618,"Paired t-test","two.sided",0.0687325400314832,2.25938566552901
"64","PC.aa.C42.4",-0.824464116756989,-2.70149376032162,0.0736927764683966,3,-1.79570929257406,0.146781059060077,"Paired t-test","two.sided",0.111017689225117,2.42857142857143
"65","PC.ae.C30.1",-0.833467211959648,-1.12505938941574,0.342450987288967,3,-3.19108910661674,1.52415468269744,"Paired t-test","two.sided",0.381964562745386,1.35205992509363
"66","PC.ae.C30.2",-0.694571717287685,-0.781596661582596,0.491462686108401,3,-3.52267642152351,2.13353298694814,"Paired t-test","two.sided",0.527867329523838,1.31972789115646
"67","PC.ae.C32.1",-0.784120949789402,-1.19625044593904,0.317523029886834,3,-2.87015805683847,1.30191615725967,"Paired t-test","two.sided",0.364679915513591,1.43674698795181
"68","PC.ae.C32.2",-1.1666819802275,-1.66365985451378,0.194768284950204,3,-3.39844993888949,1.06508597843448,"Paired t-test","two.sided",0.245577402763301,1.52722063037249
"69","PC.ae.C34.0",-1.60761798527546,-4.01298443613203,0.0277717891420154,3,-2.88251899697209,-0.332716973578837,"Paired t-test","two.sided",0.0749874010154374,3.48936170212766
"70","PC.ae.C34.1",-1.39063612245918,-3.17767735686491,0.0501834951770299,3,-2.78335926357777,0.0020870186593985,"Paired t-test","two.sided",0.0858775320851622,2.34090909090909
"71","PC.ae.C34.2",-1.21549649552772,-2.91223770624865,0.0618841918715597,3,-2.54377142410843,0.112778433052995,"Paired t-test","two.sided",0.0957142167613456,1.85672342924251
"72","PC.ae.C34.3",-1.24052834656331,-3.34103079291531,0.044353455600158,3,-2.42217410136799,-0.0588825917586246,"Paired t-test","two.sided",0.0843681342638519,1.76909090909091
"73","PC.ae.C36.0",-1.59277394306239,-3.29029381438219,0.0460678317422693,3,-3.13334078487279,-0.0522071012519903,"Paired t-test","two.sided",0.0848233092397339,2.21103896103896
"74","PC.ae.C36.1",-1.40383241102162,-3.56602320875116,0.0376583883226816,3,-2.65666252685752,-0.151002295185707,"Paired t-test","two.sided",0.0788741720622042,2.31028368794326
"75","PC.ae.C36.2",-1.2574372702465,-3.16837559287403,0.0505438533309684,3,-2.52045880210726,0.00558426161425949,"Paired t-test","two.sided",0.0858775320851622,2.00825825825826
"76","PC.ae.C36.3",-0.756264496272098,-1.34506673647807,0.27124652015382,3,-2.54559664367193,1.03306765112773,"Paired t-test","two.sided",0.327756211852533,1.45588235294118
"77","PC.ae.C36.4",-1.00101668948798,-1.97568841724099,0.142654555786186,3,-2.61345812366771,0.611424744691756,"Paired t-test","two.sided",0.190206074381582,1.58733624454148
"78","PC.ae.C36.5",-1.13686037036118,-2.92440939041609,0.0612770413399147,3,-2.37403225783233,0.100311517109963,"Paired t-test","two.sided",0.0957142167613456,1.90969899665552
"79","PC.ae.C38.0",-1.56764731204337,-6.51290946053487,0.0073529666846321,3,-2.33365725374931,-0.801637370337436,"Paired t-test","two.sided",0.0379742073541439,2.36036036036036
"80","PC.ae.C38.1",-1.52858299073075,-3.91211537789776,0.0296805084373855,3,-2.77206198387452,-0.285103997586971,"Paired t-test","two.sided",0.0749874010154374,2.89451476793249
"81","PC.ae.C38.2",-1.42646875639557,-2.93975842901254,0.060521986940576,3,-2.97069775786443,0.117760245073297,"Paired t-test","two.sided",0.0957142167613456,2.55230125523013
"82","PC.ae.C38.3",-1.68510112822677,-8.36855371085453,0.00357794380030562,3,-2.32592199702263,-1.0442802594309,"Paired t-test","two.sided",0.0286653538520115,2.61490683229814
"83","PC.ae.C38.4",-1.24598343889932,-2.98404844925726,0.0584076465874262,3,-2.57480750425817,0.0828406264595389,"Paired t-test","two.sided",0.0954265775231189,2.1063122923588
"84","PC.ae.C38.5",-1.13772490015137,-2.0090659201015,0.138108212317013,3,-2.93992977988626,0.664479979583525,"Paired t-test","two.sided",0.186285495683413,1.90309555854643
"85","PC.ae.C38.6",-1.22211755095853,-3.17519750210688,0.0502792488298704,3,-2.44702512980665,0.00279002788959504,"Paired t-test","two.sided",0.0858775320851622,1.88475836431227
"86","PC.ae.C40.1",-1.61097829611443,-5.63832069702595,0.0110383551361405,3,-2.52026533419758,-0.701691258031288,"Paired t-test","two.sided",0.0446921729677832,2.79010494752624
"87","PC.ae.C40.2",-1.61845551368266,-4.48300619061314,0.0206997751542085,3,-2.76738271805955,-0.469528309305776,"Paired t-test","two.sided",0.0646094270671293,2.75182481751825
"88","PC.ae.C40.3",-1.3417757271029,-3.32573165167047,0.0448617571710429,3,-2.62574258086067,-0.0578088733451235,"Paired t-test","two.sided",0.0843681342638519,2.08
"89","PC.ae.C40.4",-1.69045807473537,-10.0317210334684,0.00210873852605158,3,-2.22673615067371,-1.15417999879703,"Paired t-test","two.sided",0.0203844724184986,2.40314136125654
"90","PC.ae.C40.5",-1.48943124632368,-4.40310815688155,0.0217221349622245,3,-2.56595146748354,-0.412911025163822,"Paired t-test","two.sided",0.0646094270671293,2.31413612565445
"91","PC.ae.C40.6",-1.16379030980855,-1.86718750226425,0.158695041198039,3,-3.14736194740997,0.819781327792869,"Paired t-test","two.sided",0.209127792139284,1.85906040268456
"92","PC.ae.C42.1",-1.02435186432774,-3.78549275585288,0.0323221556101023,3,-1.88551975347507,-0.16318397518042,"Paired t-test","two.sided",0.0749874010154374,1.27952755905512
"93","PC.ae.C42.2",-1.52291217969816,-3.17036651557562,0.050466449204648,3,-3.05162698782565,0.0058026284293207,"Paired t-test","two.sided",0.0858775320851622,2.46153846153846
"94","PC.ae.C42.3",-1.57536226153842,-3.55260164512574,0.0380200746691693,3,-2.98658319468046,-0.16414132839637,"Paired t-test","two.sided",0.0788741720622042,2.70526315789474
"95","Phe",-1.73572630791599,-10.6242242887949,0.00178196151258617,3,-2.25565657533673,-1.21579604049526,"Paired t-test","two.sided",0.0203844724184986,8.114689709348
"96","Putrescine",-1.8684508965341,-58.9959526095314,1.07288968877822e-05,3,-1.96924161842708,-1.76766017464112,"Paired t-test","two.sided",0.000848409764023636,13.9444053483462
"97","Ser",-1.13350983741942,-5.26031645429053,0.0133854568775712,3,-1.81927356008593,-0.447746114752911,"Paired t-test","two.sided",0.0485222811811957,8.92093453009504
"98","SM..OH..C14.1",-0.888121432144278,-1.39457521116953,0.257470657063195,3,-2.91483089014513,1.13858802585657,"Paired t-test","two.sided",0.317729747014155,1.33076181292189
"99","SM..OH..C16.1",-1.34465886797823,-3.40147504480925,0.0424153216512855,3,-2.60273208324248,-0.0865856527139762,"Paired t-test","two.sided",0.0833928357889681,1.801872074883
"100","SM..OH..C22.1",-1.54178585576308,-3.89428396584686,0.030035299609801,3,-2.80174808328515,-0.28182362824101,"Paired t-test","two.sided",0.0749874010154374,4.07246376811594
"101","SM..OH..C22.2",-1.34762009577552,-2.15585775461749,0.120043137352355,3,-3.33695755811093,0.641717366559895,"Paired t-test","two.sided",0.165773856343728,4.10576923076923
"102","SM..OH..C24.1",-1.6790616575642,-6.18507923269189,0.00851146026903226,3,-2.54299942900212,-0.815123886126292,"Paired t-test","two.sided",0.0379742073541439,4.57894736842105
"103","SM.C16.0",-1.2582270095873,-2.87269767715086,0.0639091659589734,3,-2.65212234696255,0.135668327787942,"Paired t-test","two.sided",0.0975455690952752,1.78517397881997
"104","SM.C16.1",-0.170339902596513,-0.295949047736362,0.786572425517955,3,-2.00206599804106,1.66138619284803,"Paired t-test","two.sided",0.807454879292768,1.03203261502621
"105","SM.C18.0",-1.45185946265945,-3.83187294092977,0.0313208129267531,3,-2.65765747683124,-0.246061448487653,"Paired t-test","two.sided",0.0749874010154374,2.44624746450304
"106","SM.C18.1",-0.951693685467233,-1.85608879265495,0.160451495693072,3,-2.58346586418114,0.680078493246671,"Paired t-test","two.sided",0.209127792139284,1.48870822041554
"107","SM.C20.2",0.114156263313191,0.165270238962015,0.879240428413351,3,-2.08403852776203,2.31235105438842,"Paired t-test","two.sided",0.893088396408389,0.993288590604027
"108","SM.C24.0",-1.64539553266696,-7.73192034562788,0.00449837333176675,3,-2.32263775705527,-0.968153308278645,"Paired t-test","two.sided",0.0289895170269412,7.44326777609682
"109","SM.C24.1",-1.60912963810759,-5.76742271404276,0.0103612367917016,3,-2.49704247637576,-0.721216799839423,"Paired t-test","two.sided",0.0445149432532364,4.91477272727273
"110","SM.C26.0",-1.52788771078796,-3.08942964842598,0.0537376356014433,3,-3.10177711868007,0.0460016971041604,"Paired t-test","two.sided",0.0890509389966774,8.7906976744186
"111","SM.C26.1",-1.22818488409938,-2.23397566868282,0.111583698595549,3,-2.97781559915187,0.521445830953105,"Paired t-test","two.sided",0.155948301651611,3.73333333333333
"112","Spermidine",-1.8694867270037,-53.2002471633001,1.46277545521317e-05,3,-1.98131968726923,-1.75765376673817,"Paired t-test","two.sided",0.000848409764023636,11.5329125338142
"113","Spermine",-1.86431976380763,-21.9866081840457,0.000205954475241809,3,-2.13417027892721,-1.59446924868806,"Paired t-test","two.sided",0.0079635730426833,5.53157474020783
"114","Thr",-1.54891947249161,-11.1835871562657,0.0015323788185773,3,-1.98968619461182,-1.1081527503714,"Paired t-test","two.sided",0.0203844724184986,17.2667829119442
"115","Tyr",-1.58184707069277,-10.7143759516901,0.00173826448346547,3,-2.05169649434082,-1.11199764704473,"Paired t-test","two.sided",0.0203844724184986,20.8086253369272
"116","Val",-1.79554826681159,-14.3509826106249,0.000733307364947995,3,-2.19372559743162,-1.39737093619156,"Paired t-test","two.sided",0.0170127308667935,38.6603773584906
